dataset,gap,method,mae,rmse,max_error,coverage,time_ms,gap_fraction,n_az,n_rg,az_res_deg,width_pixels
smooth,random_10,linear_1d_az,3.264760571377788e-05,5.381414191917803e-05,0.0008660782851616089,1.0,25.846583070233464,0.10028888888888889,720,1000,0.5,5.0
smooth,random_10,linear_2d_griddata,3.1202551959119388e-06,9.738207527131792e-06,0.0010312943365016133,1.0,38982.86304192152,0.10028888888888889,720,1000,0.5,5.0
smooth,random_10,astropy_gaussian,0.0008908544294334129,0.01089307519568918,0.26507280854590276,1.0,158.4064170019701,0.10028888888888889,720,1000,0.5,5.0
smooth,random_10,iterative_dct,1.7378962543444487e-05,5.0600172993278905e-05,0.0013417714170803619,1.0,53.473749896511436,0.10028888888888889,720,1000,0.5,5.0
smooth,random_30,linear_1d_az,5.382504958027551e-05,0.00010537059303915338,0.0029303676429948133,1.0,28.882124926894903,0.2999291666666667,720,1000,0.5,5.0
smooth,random_30,linear_2d_griddata,4.761964217890283e-06,1.3992569339217777e-05,0.0012963070799003537,1.0,26119.663125020452,0.2999291666666667,720,1000,0.5,5.0
smooth,random_30,astropy_gaussian,0.0010425433743750695,0.010580809622145993,0.3297309308145581,1.0,328.83229199796915,0.2999291666666667,720,1000,0.5,5.0
smooth,random_30,iterative_dct,2.375674014557638e-05,6.229902350271705e-05,0.0016170994989624932,1.0,111.44808295648545,0.2999291666666667,720,1000,0.5,5.0
smooth,random_50,linear_1d_az,0.00010633694975513427,0.00023848629647485743,0.00558483770580398,1.0,35.297582973726094,0.4999958333333333,720,1000,0.5,5.0
smooth,random_50,linear_2d_griddata,8.27373621711637e-06,2.5441326519776328e-05,0.0033500764992032486,1.0,19433.026375016198,0.4999958333333333,720,1000,0.5,5.0
smooth,random_50,astropy_gaussian,0.0012360353933955832,0.01086272424949578,0.39983242876830505,1.0,475.7661250187084,0.4999958333333333,720,1000,0.5,5.0
smooth,random_50,iterative_dct,2.978146296663565e-05,7.244538107599204e-05,0.003700534479164158,1.0,111.48454202339053,0.4999958333333333,720,1000,0.5,5.0
smooth,random_70,linear_1d_az,0.00029297520884891896,0.000756517526913789,0.03121629581579255,1.0,28.725750045850873,0.7001180555555555,720,1000,0.5,5.0
smooth,random_70,linear_2d_griddata,1.6461569856415094e-05,3.967344359906863e-05,0.004526639092816018,1.0,9707.576166954823,0.7001180555555555,720,1000,0.5,5.0
smooth,random_70,astropy_gaussian,0.0015814175238716176,0.011749805661356265,0.5301919255203879,1.0,296.3494580471888,0.7001180555555555,720,1000,0.5,5.0
smooth,random_70,iterative_dct,5.193032621749491e-05,0.00011784182477183056,0.009307403978965602,1.0,144.72525008022785,0.7001180555555555,720,1000,0.5,5.0
smooth,hole_circular,linear_1d_az,0.030737461767255034,0.03541178578258136,0.06259491521903826,1.0,16.974334022961557,0.02582638888888889,720,1000,0.5,5.0
smooth,hole_circular,linear_2d_griddata,0.016155405635397666,0.018463036443955815,0.0326468683792579,1.0,36572.43741606362,0.02582638888888889,720,1000,0.5,5.0
smooth,hole_circular,astropy_gaussian,0.006683152522051536,0.007799540501090106,0.02144022718529137,0.19757999462221026,98.62495900597423,0.02582638888888889,720,1000,0.5,5.0
smooth,hole_circular,iterative_dct,0.03141733614757256,0.03657160678852678,0.06517396277487086,1.0,58.65787493530661,0.02582638888888889,720,1000,0.5,5.0
smooth,hole_rect,linear_1d_az,0.042816197510212914,0.049594753660434955,0.10412988233463005,1.0,24.632208049297333,0.03304722222222222,720,1000,0.5,5.0
smooth,hole_rect,linear_2d_griddata,0.015863008835368297,0.019343936155900045,0.03671372566978692,1.0,35701.84620900545,0.03304722222222222,720,1000,0.5,5.0
smooth,hole_rect,astropy_gaussian,0.006603091247994432,0.007931159592570493,0.023444541240932315,0.194460788434059,87.56891696248204,0.03304722222222222,720,1000,0.5,5.0
smooth,hole_rect,iterative_dct,0.03495038659678881,0.04196526568063695,0.07670254159873413,1.0,41.57558304723352,0.03304722222222222,720,1000,0.5,5.0
smooth,sector_10deg,linear_1d_az,0.0014920740466582187,0.0021744978717392074,0.005570587558084983,1.0,16.860750038176775,0.027777777777777776,720,1000,0.5,5.0
smooth,sector_10deg,linear_2d_griddata,0.0009952249331355858,0.0014403086983508623,0.003917896782022631,1.0,34229.65145809576,0.027777777777777776,720,1000,0.5,5.0
smooth,sector_10deg,astropy_gaussian,0.016555366283743333,0.02284947605381098,0.20424093798983783,0.6,90.49483307171613,0.027777777777777776,720,1000,0.5,5.0
smooth,sector_10deg,iterative_dct,0.0014953484385491999,0.0021750780885504014,0.005571468914823657,1.0,64.11687494255602,0.027777777777777776,720,1000,0.5,5.0
mixed,random_10,linear_1d_az,0.002062082489577276,0.0034443699023279867,0.08229892753230032,1.0,25.1717499922961,0.10028888888888889,720,1000,0.5,5.0
mixed,random_10,linear_2d_griddata,7.830911413398167e-05,0.0001338029085293761,0.007067145539468772,1.0,30902.19383290969,0.10028888888888889,720,1000,0.5,5.0
mixed,random_10,astropy_gaussian,0.004325271545862641,0.012243624532088727,0.281320802827109,1.0,158.0722910584882,0.10028888888888889,720,1000,0.5,5.0
mixed,random_10,iterative_dct,0.00029413647345375273,0.000388452239581204,0.007392029112514527,1.0,109.59745896980166,0.10028888888888889,720,1000,0.5,5.0
mixed,random_30,linear_1d_az,0.0032326642729739907,0.0059615208633143416,0.10595859936088917,1.0,29.098209110088646,0.2999291666666667,720,1000,0.5,5.0
mixed,random_30,linear_2d_griddata,0.00012262735979843827,0.00022535112306530062,0.0135991876834511,1.0,23201.010791002773,0.2999291666666667,720,1000,0.5,5.0
mixed,random_30,astropy_gaussian,0.004492454584556473,0.012039559877281655,0.33858495432374425,1.0,331.1789579456672,0.2999291666666667,720,1000,0.5,5.0
mixed,random_30,iterative_dct,0.0003856297213393227,0.0005126175192382217,0.012667745261814939,1.0,147.67883392050862,0.2999291666666667,720,1000,0.5,5.0
mixed,random_50,linear_1d_az,0.005791483654891859,0.011338422800218533,0.1630855369679714,1.0,32.93654206208885,0.4999958333333333,720,1000,0.5,5.0
mixed,random_50,linear_2d_griddata,0.00022011536957212708,0.000439441933299085,0.027654986988381293,1.0,15784.175375010818,0.4999958333333333,720,1000,0.5,5.0
mixed,random_50,astropy_gaussian,0.0048689746972527355,0.01251005306220584,0.42689460009578184,1.0,474.81716691982,0.4999958333333333,720,1000,0.5,5.0
mixed,random_50,iterative_dct,0.0005563794563237754,0.0007763161481213883,0.04120757577780334,1.0,196.12845894880593,0.4999958333333333,720,1000,0.5,5.0
mixed,random_70,linear_1d_az,0.011671056654318198,0.021234372876182586,0.18913378492135496,1.0,28.350417036563158,0.7001180555555555,720,1000,0.5,5.0
mixed,random_70,linear_2d_griddata,0.00048503453813402304,0.0010592096022907038,0.09007497948664157,1.0,9353.54441695381,0.7001180555555555,720,1000,0.5,5.0
mixed,random_70,astropy_gaussian,0.005656789310160074,0.01382215725452698,0.5482758794190711,1.0,296.4759160531685,0.7001180555555555,720,1000,0.5,5.0
mixed,random_70,iterative_dct,0.0010690283561091243,0.0015401536594228152,0.07037521930914657,1.0,354.5664999401197,0.7001180555555555,720,1000,0.5,5.0
mixed,hole_circular,linear_1d_az,0.053575555772938675,0.07170829950070585,0.21352552589964324,1.0,16.830458072945476,0.02582638888888889,720,1000,0.5,5.0
mixed,hole_circular,linear_2d_griddata,0.04838730601616492,0.06014782406620834,0.15309553044485658,1.0,35772.6328750141,0.02582638888888889,720,1000,0.5,5.0
mixed,hole_circular,astropy_gaussian,0.01659581681825782,0.022918833624339108,0.07888112199709019,0.19757999462221026,89.10104201640934,0.02582638888888889,720,1000,0.5,5.0
mixed,hole_circular,iterative_dct,0.07381543828026824,0.09183351397060295,0.2067471033529502,1.0,85.1476249517873,0.02582638888888889,720,1000,0.5,5.0
mixed,hole_rect,linear_1d_az,0.058823031866905254,0.07390617070481376,0.2138269837582546,1.0,17.258457955904305,0.03304722222222222,720,1000,0.5,5.0
mixed,hole_rect,linear_2d_griddata,0.046068118421544894,0.059835069556239164,0.17639788867025885,1.0,32766.617292072624,0.03304722222222222,720,1000,0.5,5.0
mixed,hole_rect,astropy_gaussian,0.016971323135913385,0.023073311494329087,0.07657838960942609,0.194460788434059,95.71291599422693,0.03304722222222222,720,1000,0.5,5.0
mixed,hole_rect,iterative_dct,0.06494290215452343,0.0848719521962425,0.20643965149511334,1.0,78.06887500919402,0.03304722222222222,720,1000,0.5,5.0
mixed,sector_10deg,linear_1d_az,0.037394705705865255,0.0524383710011123,0.15357920125877825,1.0,17.383832950145006,0.027777777777777776,720,1000,0.5,5.0
mixed,sector_10deg,linear_2d_griddata,0.037409723629468566,0.052687936672087626,0.15312817067343126,1.0,33160.4861660162,0.027777777777777776,720,1000,0.5,5.0
mixed,sector_10deg,astropy_gaussian,0.040645343730902575,0.05620875814108312,0.3247707069131063,0.6,88.86008302215487,0.027777777777777776,720,1000,0.5,5.0
mixed,sector_10deg,iterative_dct,0.03738254075226841,0.052401849160462144,0.15343973782378903,1.0,53.50908311083913,0.027777777777777776,720,1000,0.5,5.0
edge,random_10,linear_1d_az,0.00018407043301958852,0.0008956097592235916,0.030932949853198277,1.0,22.042499971576035,0.10028888888888889,720,1000,0.5,5.0
edge,random_10,linear_2d_griddata,2.3233520146874272e-06,1.2007225235348424e-05,0.000561909405999983,1.0,29258.142457925715,0.10028888888888889,720,1000,0.5,5.0
edge,random_10,astropy_gaussian,0.0010097810517092813,0.009821104481764487,0.24080275873697887,1.0,156.9599580252543,0.10028888888888889,720,1000,0.5,5.0
edge,random_10,iterative_dct,7.103559003168665e-05,0.000240338852033164,0.0041465165758508005,1.0,98.69220794644207,0.10028888888888889,720,1000,0.5,5.0
edge,random_30,linear_1d_az,0.00030326883701578,0.0017053496683903883,0.08635151786384421,1.0,28.70566595811397,0.2999291666666667,720,1000,0.5,5.0
edge,random_30,linear_2d_griddata,3.866757504533677e-06,2.712027267018906e-05,0.005755420861015548,1.0,23990.44958304148,0.2999291666666667,720,1000,0.5,5.0
edge,random_30,astropy_gaussian,0.0010926803501104083,0.009638756525114698,0.2903910264320452,1.0,326.70029101427644,0.2999291666666667,720,1000,0.5,5.0
edge,random_30,iterative_dct,8.257572951021638e-05,0.00027697788266224833,0.004609702759371892,1.0,107.71225008647889,0.2999291666666667,720,1000,0.5,5.0
edge,random_50,linear_1d_az,0.0005953478062281174,0.003771864573674572,0.18196015882652394,1.0,33.04704208858311,0.4999958333333333,720,1000,0.5,5.0
edge,random_50,linear_2d_griddata,7.928274885922363e-06,7.964455515205041e-05,0.025472137377796855,1.0,16918.83149999194,0.4999958333333333,720,1000,0.5,5.0
edge,random_50,astropy_gaussian,0.0012441295960730222,0.010066179334915078,0.35844701730769846,1.0,475.6756250280887,0.4999958333333333,720,1000,0.5,5.0
edge,random_50,iterative_dct,0.00011027526249249021,0.00034982615835944727,0.005383322902151044,1.0,151.25399990938604,0.4999958333333333,720,1000,0.5,5.0
edge,random_70,linear_1d_az,0.0014880155311570754,0.009049106818070717,0.2965390003895274,1.0,28.62683404237032,0.7001180555555555,720,1000,0.5,5.0
edge,random_70,linear_2d_griddata,2.266346939995676e-05,0.00020813715293652263,0.06399763732814207,1.0,10076.637333957478,0.7001180555555555,720,1000,0.5,5.0
edge,random_70,astropy_gaussian,0.001532651540235781,0.011041139875537755,0.4588997600797456,1.0,295.5800419440493,0.7001180555555555,720,1000,0.5,5.0
edge,random_70,iterative_dct,0.00017400535617891262,0.0005102090638129438,0.007008531250866978,1.0,236.47687502671033,0.7001180555555555,720,1000,0.5,5.0
edge,hole_circular,linear_1d_az,0.000306612193657456,0.0004977559471811017,0.0014682357118404044,1.0,17.088624997995794,0.02582638888888889,720,1000,0.5,5.0
edge,hole_circular,linear_2d_griddata,0.0003695019122277656,0.0005972233226848628,0.0016351893424534358,1.0,34391.43650000915,0.02582638888888889,720,1000,0.5,5.0
edge,hole_circular,astropy_gaussian,0.0002822153965088411,0.0005380269273255631,0.001785663810421334,0.19757999462221026,87.5447919825092,0.02582638888888889,720,1000,0.5,5.0
edge,hole_circular,iterative_dct,0.0021258715534353736,0.0024923694283015213,0.004623081079631608,1.0,40.31329206191003,0.02582638888888889,720,1000,0.5,5.0
edge,hole_rect,linear_1d_az,0.0012078587702345528,0.0020888997697595477,0.005933537171326275,1.0,17.32824998907745,0.03304722222222222,720,1000,0.5,5.0
edge,hole_rect,linear_2d_griddata,0.0010097021832645718,0.0014886419180308193,0.003142621035564286,1.0,34987.67037503421,0.03304722222222222,720,1000,0.5,5.0
edge,hole_rect,astropy_gaussian,0.0004401811310815402,0.0008067235299081105,0.0025291406920229242,0.194460788434059,88.58287497423589,0.03304722222222222,720,1000,0.5,5.0
edge,hole_rect,iterative_dct,0.002478915866951148,0.0028444806735942,0.004664398616981313,1.0,44.172416906803846,0.03304722222222222,720,1000,0.5,5.0
edge,sector_10deg,linear_1d_az,0.10656946096043518,0.1404524488556678,0.3369136545989072,1.0,17.058333032764494,0.027777777777777776,720,1000,0.5,5.0
edge,sector_10deg,linear_2d_griddata,0.10654738489884814,0.14120677761987874,0.58756835103036,1.0,34029.39179202076,0.027777777777777776,720,1000,0.5,5.0
edge,sector_10deg,astropy_gaussian,0.10342087939995728,0.16260888266010506,0.5046176340975898,0.6,87.8697499865666,0.027777777777777776,720,1000,0.5,5.0
edge,sector_10deg,iterative_dct,0.10656928218243572,0.1404506724451018,0.3368544704308949,1.0,52.394666941836476,0.027777777777777776,720,1000,0.5,5.0
